{"split": "train", "train_split": [1], "test_split": [], "index": 19, "target": [0, 1], "graph": {"node_indices": [0, 1, 2, 3, 4, 5, 6, 7, 8, 9], "node_attributes": [[0.7401993274688721], [1.0], [0.0470438152551651], [0.9896013736724854], [1.0], [1.0], [0.497728556394577], [0.9430721402168274], [0.24005597829818726], [0.9143490791320801]], "node_adjacency": [[0, 0, 1, 0, 0, 0, 0, 0, 0, 1], [0, 0, 0, 1, 1, 1, 1, 0, 0, 1], [1, 0, 0, 0, 0, 0, 0, 0, 1, 1], [0, 1, 0, 0, 0, 0, 0, 0, 0, 0], [0, 1, 0, 0, 0, 1, 0, 1, 0, 0], [0, 1, 0, 0, 1, 0, 0, 0, 1, 0], [0, 1, 0, 0, 0, 0, 0, 0, 0, 0], [0, 0, 0, 0, 1, 0, 0, 0, 0, 0], [0, 0, 1, 0, 0, 1, 0, 0, 0, 0], [1, 1, 1, 0, 0, 0, 0, 0, 0, 0]], "edge_indices": [[4, 5], [4, 1], [5, 4], [5, 1], [1, 5], [1, 4], [6, 1], [1, 6], [3, 1], [1, 3], [8, 5], [5, 8], [2, 8], [8, 2], [9, 1], [1, 9], [0, 2], [2, 0], [7, 4], [4, 7], [9, 2], [2, 9], [0, 9], [9, 0]], "edge_attributes": [[1.0], [1.0], [1.0], [1.0], [1.0], [1.0], [1.0], [1.0], [1.0], [1.0], [1.0], [1.0], [1.0], [1.0], [1.0], [1.0], [1.0], [1.0], [1.0], [1.0], [1.0], [1.0], [1.0], [1.0]], "seed_graph_indices": [-1, 0, -1, -1, 0, 0, -1, -1, -1, -1], "graph_labels": [0, 1], "node_importances_2": [[0, 0], [0, 1], [0, 0], [0, 0], [0, 1], [0, 1], [0, 0], [0, 0], [0, 0], [0, 0]], "edge_importances_2": [[0, 1], [0, 1], [0, 1], [0, 1], [0, 1], [0, 1], [0, 0], [0, 0], [0, 0], [0, 0], [0, 0], [0, 0], [0, 0], [0, 0], [0, 0], [0, 0], [0, 0], [0, 0], [0, 0], [0, 0], [0, 0], [0, 0], [0, 0], [0, 0]], "image_node_positions": [[864, 524], [462, 439], [786, 695], [316, 252], [323, 671], [480, 714], [474, 145], [160, 808], [648, 845], [696, 493]]}}