{"split": "train", "train_split": [1], "test_split": [], "index": 53, "target": [0, 1], "graph": {"node_indices": [0, 1, 2, 3, 4, 5, 6, 7, 8, 9, 10, 11, 12, 13, 14], "node_attributes": [[1.0], [0.5450811982154846], [0.0791313648223877], [0.6602078080177307], [0.7599207162857056], [0.2804798483848572], [0.7630311846733093], [0.826191782951355], [0.9807056188583374], [0.45794016122817993], [1.0], [0.9595552086830139], [0.001124898437410593], [0.6438747048377991], [1.0]], "node_adjacency": [[0, 0, 1, 0, 0, 0, 0, 0, 0, 0, 1, 0, 0, 0, 1], [0, 0, 0, 0, 0, 0, 0, 1, 0, 0, 0, 0, 0, 0, 0], [1, 0, 0, 0, 0, 0, 0, 0, 0, 0, 0, 0, 0, 0, 0], [0, 0, 0, 0, 0, 0, 0, 0, 0, 1, 1, 0, 0, 1, 0], [0, 0, 0, 0, 0, 0, 0, 0, 0, 0, 0, 0, 0, 0, 1], [0, 0, 0, 0, 0, 0, 0, 0, 0, 0, 0, 0, 0, 1, 0], [0, 0, 0, 0, 0, 0, 0, 0, 0, 0, 1, 0, 0, 0, 0], [0, 1, 0, 0, 0, 0, 0, 0, 0, 0, 0, 0, 1, 0, 0], [0, 0, 0, 0, 0, 0, 0, 0, 0, 0, 1, 0, 0, 0, 0], [0, 0, 0, 1, 0, 0, 0, 0, 0, 0, 1, 0, 1, 0, 0], [1, 0, 0, 1, 0, 0, 1, 0, 1, 1, 0, 0, 0, 0, 1], [0, 0, 0, 0, 0, 0, 0, 0, 0, 0, 0, 0, 0, 0, 1], [0, 0, 0, 0, 0, 0, 0, 1, 0, 1, 0, 0, 0, 0, 0], [0, 0, 0, 1, 0, 1, 0, 0, 0, 0, 0, 0, 0, 0, 0], [1, 0, 0, 0, 1, 0, 0, 0, 0, 0, 1, 1, 0, 0, 0]], "edge_indices": [[0, 10], [0, 14], [10, 0], [10, 14], [14, 10], [14, 0], [3, 10], [10, 3], [9, 3], [3, 9], [12, 9], [9, 12], [2, 0], [0, 2], [6, 10], [10, 6], [4, 14], [14, 4], [7, 12], [12, 7], [8, 10], [10, 8], [11, 14], [14, 11], [13, 3], [3, 13], [5, 13], [13, 5], [1, 7], [7, 1], [9, 10], [10, 9]], "edge_attributes": [[1.0], [1.0], [1.0], [1.0], [1.0], [1.0], [1.0], [1.0], [1.0], [1.0], [1.0], [1.0], [1.0], [1.0], [1.0], [1.0], [1.0], [1.0], [1.0], [1.0], [1.0], [1.0], [1.0], [1.0], [1.0], [1.0], [1.0], [1.0], [1.0], [1.0], [1.0], [1.0]], "seed_graph_indices": [0, -1, -1, -1, -1, -1, -1, -1, -1, -1, 0, -1, -1, -1, 0], "graph_labels": [0, 1], "node_importances_2": [[0, 1], [0, 0], [0, 0], [0, 0], [0, 0], [0, 0], [0, 0], [0, 0], [0, 0], [0, 0], [0, 1], [0, 0], [0, 0], [0, 0], [0, 1]], "edge_importances_2": [[0, 1], [0, 1], [0, 1], [0, 1], [0, 1], [0, 1], [0, 0], [0, 0], [0, 0], [0, 0], [0, 0], [0, 0], [0, 0], [0, 0], [0, 0], [0, 0], [0, 0], [0, 0], [0, 0], [0, 0], [0, 0], [0, 0], [0, 0], [0, 0], [0, 0], [0, 0], [0, 0], [0, 0], [0, 0], [0, 0], [0, 0], [0, 0]], "image_node_positions": [[389, 581], [564, 144], [451, 490], [637, 675], [160, 676], [864, 844], [504, 773], [586, 252], [400, 763], [590, 555], [471, 663], [167, 573], [607, 392], [768, 769], [288, 631]]}}