{"split": "test", "train_split": [], "test_split": [1], "index": 87, "target": [0, 1], "graph": {"node_indices": [0, 1, 2, 3, 4, 5, 6, 7, 8, 9, 10, 11], "node_attributes": [[0.8857786059379578], [1.0], [0.09026959538459778], [0.5224136710166931], [0.7782791256904602], [1.0], [0.24808445572853088], [0.2696819007396698], [0.3689434230327606], [0.3327668011188507], [0.5161406397819519], [1.0]], "node_adjacency": [[0, 0, 0, 0, 1, 0, 0, 1, 0, 0, 0, 0], [0, 0, 1, 0, 1, 1, 0, 0, 1, 0, 0, 1], [0, 1, 0, 0, 0, 0, 0, 0, 0, 0, 0, 0], [0, 0, 0, 0, 0, 0, 0, 0, 0, 0, 0, 1], [1, 1, 0, 0, 0, 0, 0, 0, 0, 0, 1, 0], [0, 1, 0, 0, 0, 0, 0, 0, 0, 0, 0, 1], [0, 0, 0, 0, 0, 0, 0, 0, 0, 0, 0, 1], [1, 0, 0, 0, 0, 0, 0, 0, 1, 0, 0, 0], [0, 1, 0, 0, 0, 0, 0, 1, 0, 1, 0, 0], [0, 0, 0, 0, 0, 0, 0, 0, 1, 0, 0, 0], [0, 0, 0, 0, 1, 0, 0, 0, 0, 0, 0, 0], [0, 1, 0, 1, 0, 1, 1, 0, 0, 0, 0, 0]], "edge_indices": [[1, 11], [1, 5], [11, 1], [11, 5], [5, 11], [5, 1], [8, 1], [1, 8], [2, 1], [1, 2], [4, 1], [1, 4], [0, 4], [4, 0], [9, 8], [8, 9], [7, 0], [0, 7], [3, 11], [11, 3], [10, 4], [4, 10], [6, 11], [11, 6], [8, 7], [7, 8]], "edge_attributes": [[1.0], [1.0], [1.0], [1.0], [1.0], [1.0], [1.0], [1.0], [1.0], [1.0], [1.0], [1.0], [1.0], [1.0], [1.0], [1.0], [1.0], [1.0], [1.0], [1.0], [1.0], [1.0], [1.0], [1.0], [1.0], [1.0]], "seed_graph_indices": [-1, 0, -1, -1, -1, 0, -1, -1, -1, -1, -1, 0], "graph_labels": [0, 1], "node_importances_2": [[0, 0], [0, 1], [0, 0], [0, 0], [0, 0], [0, 1], [0, 0], [0, 0], [0, 0], [0, 0], [0, 0], [0, 1]], "edge_importances_2": [[0, 1], [0, 1], [0, 1], [0, 1], [0, 1], [0, 1], [0, 0], [0, 0], [0, 0], [0, 0], [0, 0], [0, 0], [0, 0], [0, 0], [0, 0], [0, 0], [0, 0], [0, 0], [0, 0], [0, 0], [0, 0], [0, 0], [0, 0], [0, 0], [0, 0], [0, 0]], "image_node_positions": [[732, 709], [489, 475], [572, 340], [277, 145], [700, 548], [361, 416], [160, 254], [616, 790], [479, 701], [390, 845], [864, 512], [319, 310]]}}