{"split": "train", "train_split": [1], "test_split": [], "index": 99, "target": [1, 0], "graph": {"node_indices": [0, 1, 2, 3, 4, 5, 6, 7, 8, 9, 10], "node_attributes": [[0.6382784843444824], [0.7649655938148499], [0.5534038543701172], [0.14243042469024658], [0.32935354113578796], [0.6746394634246826], [0.9497822523117065], [0.4822980761528015], [0.8906070590019226], [0.15786400437355042], [0.6984673142433167]], "node_adjacency": [[0, 1, 1, 1, 0, 0, 1, 0, 0, 0, 0], [1, 0, 0, 0, 1, 0, 0, 0, 0, 0, 0], [1, 0, 0, 0, 0, 0, 0, 0, 0, 0, 0], [1, 0, 0, 0, 0, 0, 0, 1, 1, 1, 0], [0, 1, 0, 0, 0, 0, 0, 0, 1, 0, 1], [0, 0, 0, 0, 0, 0, 1, 0, 1, 0, 0], [1, 0, 0, 0, 0, 1, 0, 0, 0, 0, 0], [0, 0, 0, 1, 0, 0, 0, 0, 0, 0, 0], [0, 0, 0, 1, 1, 1, 0, 0, 0, 1, 0], [0, 0, 0, 1, 0, 0, 0, 0, 1, 0, 0], [0, 0, 0, 0, 1, 0, 0, 0, 0, 0, 0]], "edge_indices": [[4, 8], [8, 4], [1, 4], [4, 1], [3, 8], [8, 3], [5, 8], [8, 5], [6, 5], [5, 6], [7, 3], [3, 7], [0, 1], [1, 0], [2, 0], [0, 2], [9, 8], [8, 9], [10, 4], [4, 10], [0, 3], [3, 0], [6, 0], [0, 6], [9, 3], [3, 9]], "edge_attributes": [[1.0], [1.0], [1.0], [1.0], [1.0], [1.0], [1.0], [1.0], [1.0], [1.0], [1.0], [1.0], [1.0], [1.0], [1.0], [1.0], [1.0], [1.0], [1.0], [1.0], [1.0], [1.0], [1.0], [1.0], [1.0], [1.0]], "seed_graph_indices": [-1, -1, -1, -1, -1, -1, -1, -1, -1, -1, -1], "graph_labels": [1, 0], "node_importances_2": [[0, 0], [0, 0], [0, 0], [0, 0], [0, 0], [0, 0], [0, 0], [0, 0], [0, 0], [0, 0], [0, 0]], "edge_importances_2": [[0, 0], [0, 0], [0, 0], [0, 0], [0, 0], [0, 0], [0, 0], [0, 0], [0, 0], [0, 0], [0, 0], [0, 0], [0, 0], [0, 0], [0, 0], [0, 0], [0, 0], [0, 0], [0, 0], [0, 0], [0, 0], [0, 0], [0, 0], [0, 0], [0, 0], [0, 0]], "image_node_positions": [[682, 299], [817, 483], [863, 155], [402, 417], [749, 663], [500, 293], [583, 145], [160, 390], [529, 522], [351, 580], [864, 845]]}}