{"split": "train", "train_split": [1], "test_split": [], "index": 16, "target": [0, 1], "graph": {"node_indices": [0, 1, 2, 3, 4, 5, 6, 7, 8, 9], "node_attributes": [[0.9911405444145203], [0.07634152472019196], [0.7515296936035156], [0.09092443436384201], [0.5393767356872559], [1.0], [1.0], [1.0], [0.8083115816116333], [0.4920266568660736]], "node_adjacency": [[0, 0, 1, 0, 0, 1, 0, 0, 0, 0], [0, 0, 0, 0, 1, 0, 0, 0, 0, 1], [1, 0, 0, 0, 0, 0, 0, 0, 0, 1], [0, 0, 0, 0, 1, 0, 0, 0, 0, 0], [0, 1, 0, 1, 0, 0, 1, 0, 0, 0], [1, 0, 0, 0, 0, 0, 1, 1, 1, 0], [0, 0, 0, 0, 1, 1, 0, 1, 0, 1], [0, 0, 0, 0, 0, 1, 1, 0, 0, 0], [0, 0, 0, 0, 0, 1, 0, 0, 0, 0], [0, 1, 1, 0, 0, 0, 1, 0, 0, 0]], "edge_indices": [[6, 7], [6, 5], [7, 6], [7, 5], [5, 7], [5, 6], [8, 5], [5, 8], [9, 6], [6, 9], [2, 9], [9, 2], [4, 6], [6, 4], [3, 4], [4, 3], [1, 9], [9, 1], [0, 5], [5, 0], [1, 4], [4, 1], [2, 0], [0, 2]], "edge_attributes": [[1.0], [1.0], [1.0], [1.0], [1.0], [1.0], [1.0], [1.0], [1.0], [1.0], [1.0], [1.0], [1.0], [1.0], [1.0], [1.0], [1.0], [1.0], [1.0], [1.0], [1.0], [1.0], [1.0], [1.0]], "seed_graph_indices": [-1, -1, -1, -1, -1, 0, 0, 0, -1, -1], "graph_labels": [0, 1], "node_importances_2": [[0, 0], [0, 0], [0, 0], [0, 0], [0, 0], [0, 1], [0, 1], [0, 1], [0, 0], [0, 0]], "edge_importances_2": [[0, 1], [0, 1], [0, 1], [0, 1], [0, 1], [0, 1], [0, 0], [0, 0], [0, 0], [0, 0], [0, 0], [0, 0], [0, 0], [0, 0], [0, 0], [0, 0], [0, 0], [0, 0], [0, 0], [0, 0], [0, 0], [0, 0], [0, 0], [0, 0]], "image_node_positions": [[193, 376], [619, 145], [279, 153], [864, 384], [684, 372], [287, 629], [479, 488], [415, 722], [160, 845], [455, 198]]}}