{"split": "train", "train_split": [1], "test_split": [], "index": 36, "target": [1, 0], "graph": {"node_indices": [0, 1, 2, 3, 4, 5, 6, 7, 8, 9, 10, 11], "node_attributes": [[0.12186630070209503], [0.7644049525260925], [0.6277823448181152], [0.9086974263191223], [0.10280465334653854], [0.23887726664543152], [0.9413737654685974], [0.27930086851119995], [0.8730742931365967], [0.33444496989250183], [0.3742198944091797], [0.27198725938796997]], "node_adjacency": [[0, 0, 0, 0, 1, 0, 0, 1, 0, 0, 0, 1], [0, 0, 0, 0, 0, 0, 1, 0, 0, 0, 0, 0], [0, 0, 0, 0, 0, 0, 1, 0, 1, 1, 0, 0], [0, 0, 0, 0, 0, 0, 0, 0, 0, 0, 0, 1], [1, 0, 0, 0, 0, 0, 0, 0, 1, 0, 1, 0], [0, 0, 0, 0, 0, 0, 0, 0, 0, 0, 1, 0], [0, 1, 1, 0, 0, 0, 0, 1, 0, 0, 0, 1], [1, 0, 0, 0, 0, 0, 1, 0, 0, 0, 0, 0], [0, 0, 1, 0, 1, 0, 0, 0, 0, 0, 0, 1], [0, 0, 1, 0, 0, 0, 0, 0, 0, 0, 0, 0], [0, 0, 0, 0, 1, 1, 0, 0, 0, 0, 0, 0], [1, 0, 0, 1, 0, 0, 1, 0, 1, 0, 0, 0]], "edge_indices": [[8, 4], [4, 8], [2, 8], [8, 2], [6, 2], [2, 6], [10, 4], [4, 10], [7, 6], [6, 7], [5, 10], [10, 5], [11, 8], [8, 11], [3, 11], [11, 3], [0, 7], [7, 0], [9, 2], [2, 9], [1, 6], [6, 1], [0, 4], [4, 0], [11, 0], [0, 11], [11, 6], [6, 11]], "edge_attributes": [[1.0], [1.0], [1.0], [1.0], [1.0], [1.0], [1.0], [1.0], [1.0], [1.0], [1.0], [1.0], [1.0], [1.0], [1.0], [1.0], [1.0], [1.0], [1.0], [1.0], [1.0], [1.0], [1.0], [1.0], [1.0], [1.0], [1.0], [1.0]], "seed_graph_indices": [-1, -1, -1, -1, -1, -1, -1, -1, -1, -1, -1, -1], "graph_labels": [1, 0], "node_importances_2": [[0, 0], [0, 0], [0, 0], [0, 0], [0, 0], [0, 0], [0, 0], [0, 0], [0, 0], [0, 0], [0, 0], [0, 0]], "edge_importances_2": [[0, 0], [0, 0], [0, 0], [0, 0], [0, 0], [0, 0], [0, 0], [0, 0], [0, 0], [0, 0], [0, 0], [0, 0], [0, 0], [0, 0], [0, 0], [0, 0], [0, 0], [0, 0], [0, 0], [0, 0], [0, 0], [0, 0], [0, 0], [0, 0], [0, 0], [0, 0], [0, 0], [0, 0]], "image_node_positions": [[660, 468], [549, 145], [347, 325], [864, 376], [543, 578], [520, 845], [543, 272], [685, 332], [467, 444], [160, 280], [530, 728], [645, 386]]}}