{"split": "test", "train_split": [], "test_split": [1], "index": 37, "target": [0, 1], "graph": {"node_indices": [0, 1, 2, 3, 4, 5, 6, 7, 8, 9, 10, 11], "node_attributes": [[1.0], [0.5050284266471863], [0.16587503254413605], [0.6281238794326782], [0.2663276493549347], [0.3791000247001648], [0.05961041525006294], [0.9489945769309998], [1.0], [0.22688592970371246], [1.0], [0.22044698894023895]], "node_adjacency": [[0, 0, 1, 1, 0, 1, 0, 0, 1, 0, 1, 0], [0, 0, 0, 1, 0, 0, 0, 0, 0, 0, 0, 0], [1, 0, 0, 0, 0, 1, 0, 0, 0, 0, 0, 1], [1, 1, 0, 0, 1, 0, 0, 0, 0, 0, 0, 0], [0, 0, 0, 1, 0, 0, 0, 0, 0, 0, 0, 0], [1, 0, 1, 0, 0, 0, 1, 0, 0, 0, 0, 0], [0, 0, 0, 0, 0, 1, 0, 0, 0, 1, 0, 1], [0, 0, 0, 0, 0, 0, 0, 0, 0, 0, 1, 0], [1, 0, 0, 0, 0, 0, 0, 0, 0, 0, 1, 0], [0, 0, 0, 0, 0, 0, 1, 0, 0, 0, 0, 0], [1, 0, 0, 0, 0, 0, 0, 1, 1, 0, 0, 0], [0, 0, 1, 0, 0, 0, 1, 0, 0, 0, 0, 0]], "edge_indices": [[0, 8], [0, 10], [8, 0], [8, 10], [10, 8], [10, 0], [2, 0], [0, 2], [3, 0], [0, 3], [1, 3], [3, 1], [5, 2], [2, 5], [4, 3], [3, 4], [6, 5], [5, 6], [11, 6], [6, 11], [9, 6], [6, 9], [7, 10], [10, 7], [0, 5], [5, 0], [2, 11], [11, 2]], "edge_attributes": [[1.0], [1.0], [1.0], [1.0], [1.0], [1.0], [1.0], [1.0], [1.0], [1.0], [1.0], [1.0], [1.0], [1.0], [1.0], [1.0], [1.0], [1.0], [1.0], [1.0], [1.0], [1.0], [1.0], [1.0], [1.0], [1.0], [1.0], [1.0]], "seed_graph_indices": [0, -1, -1, -1, -1, -1, -1, -1, 0, -1, 0, -1], "graph_labels": [0, 1], "node_importances_2": [[0, 1], [0, 0], [0, 0], [0, 0], [0, 0], [0, 0], [0, 0], [0, 0], [0, 1], [0, 0], [0, 1], [0, 0]], "edge_importances_2": [[0, 1], [0, 1], [0, 1], [0, 1], [0, 1], [0, 1], [0, 0], [0, 0], [0, 0], [0, 0], [0, 0], [0, 0], [0, 0], [0, 0], [0, 0], [0, 0], [0, 0], [0, 0], [0, 0], [0, 0], [0, 0], [0, 0], [0, 0], [0, 0], [0, 0], [0, 0], [0, 0], [0, 0]], "image_node_positions": [[494, 506], [160, 540], [554, 331], [296, 566], [198, 684], [629, 369], [746, 228], [611, 845], [489, 635], [864, 145], [557, 693], [640, 198]]}}