{"split": "train", "train_split": [1], "test_split": [], "index": 49, "target": [1, 0], "graph": {"node_indices": [0, 1, 2, 3, 4, 5, 6, 7, 8, 9], "node_attributes": [[0.5119518041610718], [0.42335596680641174], [0.062062717974185944], [0.29142969846725464], [0.06771229207515717], [0.800014853477478], [0.3931877315044403], [0.70721435546875], [0.185761496424675], [0.0007333116373047233]], "node_adjacency": [[0, 0, 1, 0, 0, 1, 0, 0, 0, 0], [0, 0, 0, 0, 0, 1, 0, 0, 0, 0], [1, 0, 0, 0, 0, 0, 0, 0, 0, 1], [0, 0, 0, 0, 0, 0, 0, 0, 0, 1], [0, 0, 0, 0, 0, 0, 1, 0, 0, 0], [1, 1, 0, 0, 0, 0, 1, 0, 0, 1], [0, 0, 0, 0, 1, 1, 0, 0, 0, 1], [0, 0, 0, 0, 0, 0, 0, 0, 0, 1], [0, 0, 0, 0, 0, 0, 0, 0, 0, 1], [0, 0, 1, 1, 0, 1, 1, 1, 1, 0]], "edge_indices": [[8, 9], [9, 8], [5, 9], [9, 5], [1, 5], [5, 1], [0, 5], [5, 0], [6, 9], [9, 6], [7, 9], [9, 7], [3, 9], [9, 3], [2, 9], [9, 2], [4, 6], [6, 4], [0, 2], [2, 0], [5, 6], [6, 5]], "edge_attributes": [[1.0], [1.0], [1.0], [1.0], [1.0], [1.0], [1.0], [1.0], [1.0], [1.0], [1.0], [1.0], [1.0], [1.0], [1.0], [1.0], [1.0], [1.0], [1.0], [1.0], [1.0], [1.0]], "seed_graph_indices": [-1, -1, -1, -1, -1, -1, -1, -1, -1, -1], "graph_labels": [1, 0], "node_importances_2": [[0, 0], [0, 0], [0, 0], [0, 0], [0, 0], [0, 0], [0, 0], [0, 0], [0, 0], [0, 0]], "edge_importances_2": [[0, 0], [0, 0], [0, 0], [0, 0], [0, 0], [0, 0], [0, 0], [0, 0], [0, 0], [0, 0], [0, 0], [0, 0], [0, 0], [0, 0], [0, 0], [0, 0], [0, 0], [0, 0], [0, 0], [0, 0], [0, 0], [0, 0]], "image_node_positions": [[160, 362], [349, 144], [307, 485], [795, 376], [245, 845], [383, 382], [377, 639], [864, 570], [729, 734], [592, 531]]}}