{"split": "train", "train_split": [1], "test_split": [], "index": 56, "target": [1, 0], "graph": {"node_indices": [0, 1, 2, 3, 4, 5, 6, 7, 8, 9, 10, 11, 12], "node_attributes": [[0.5784004330635071], [0.6667381525039673], [0.0012787478044629097], [0.9878720641136169], [0.6530572772026062], [0.0747026652097702], [0.13426625728607178], [0.8381071090698242], [0.5973052382469177], [0.790583610534668], [0.822612464427948], [0.015230118297040462], [0.8852985501289368]], "node_adjacency": [[0, 0, 0, 0, 1, 0, 0, 0, 1, 0, 0, 0, 0], [0, 0, 0, 0, 0, 0, 0, 1, 0, 0, 0, 0, 0], [0, 0, 0, 0, 0, 1, 1, 0, 0, 1, 1, 1, 0], [0, 0, 0, 0, 1, 0, 1, 0, 0, 0, 0, 0, 0], [1, 0, 0, 1, 0, 0, 1, 0, 0, 0, 0, 0, 0], [0, 0, 1, 0, 0, 0, 0, 0, 0, 0, 0, 0, 1], [0, 0, 1, 1, 1, 0, 0, 1, 0, 0, 0, 0, 0], [0, 1, 0, 0, 0, 0, 1, 0, 0, 0, 0, 0, 0], [1, 0, 0, 0, 0, 0, 0, 0, 0, 0, 0, 0, 0], [0, 0, 1, 0, 0, 0, 0, 0, 0, 0, 0, 0, 0], [0, 0, 1, 0, 0, 0, 0, 0, 0, 0, 0, 0, 0], [0, 0, 1, 0, 0, 0, 0, 0, 0, 0, 0, 0, 0], [0, 0, 0, 0, 0, 1, 0, 0, 0, 0, 0, 0, 0]], "edge_indices": [[9, 2], [2, 9], [5, 2], [2, 5], [6, 2], [2, 6], [7, 6], [6, 7], [1, 7], [7, 1], [4, 6], [6, 4], [3, 4], [4, 3], [11, 2], [2, 11], [12, 5], [5, 12], [0, 4], [4, 0], [10, 2], [2, 10], [8, 0], [0, 8], [3, 6], [6, 3]], "edge_attributes": [[1.0], [1.0], [1.0], [1.0], [1.0], [1.0], [1.0], [1.0], [1.0], [1.0], [1.0], [1.0], [1.0], [1.0], [1.0], [1.0], [1.0], [1.0], [1.0], [1.0], [1.0], [1.0], [1.0], [1.0], [1.0], [1.0]], "seed_graph_indices": [-1, -1, -1, -1, -1, -1, -1, -1, -1, -1, -1, -1, -1], "graph_labels": [1, 0], "node_importances_2": [[0, 0], [0, 0], [0, 0], [0, 0], [0, 0], [0, 0], [0, 0], [0, 0], [0, 0], [0, 0], [0, 0], [0, 0], [0, 0]], "edge_importances_2": [[0, 0], [0, 0], [0, 0], [0, 0], [0, 0], [0, 0], [0, 0], [0, 0], [0, 0], [0, 0], [0, 0], [0, 0], [0, 0], [0, 0], [0, 0], [0, 0], [0, 0], [0, 0], [0, 0], [0, 0], [0, 0], [0, 0], [0, 0], [0, 0], [0, 0], [0, 0]], "image_node_positions": [[236, 343], [451, 845], [621, 312], [395, 504], [350, 420], [759, 345], [481, 473], [469, 685], [160, 258], [703, 234], [566, 193], [644, 144], [864, 345]]}}