{"split": "train", "train_split": [1], "test_split": [], "index": 75, "target": [1, 0], "graph": {"node_indices": [0, 1, 2, 3, 4, 5, 6, 7, 8, 9, 10], "node_attributes": [[0.5137934684753418], [0.7140950560569763], [0.6372599601745605], [0.7758142352104187], [0.7443523406982422], [0.1863808035850525], [0.3437308371067047], [0.780272364616394], [0.9361646175384521], [0.12084484845399857], [0.3162529468536377]], "node_adjacency": [[0, 0, 0, 0, 0, 0, 0, 0, 1, 0, 0], [0, 0, 0, 0, 0, 1, 0, 0, 0, 0, 0], [0, 0, 0, 0, 0, 1, 0, 0, 0, 0, 1], [0, 0, 0, 0, 0, 0, 0, 0, 1, 1, 0], [0, 0, 0, 0, 0, 1, 0, 0, 0, 0, 0], [0, 1, 1, 0, 1, 0, 1, 1, 1, 0, 0], [0, 0, 0, 0, 0, 1, 0, 0, 0, 0, 0], [0, 0, 0, 0, 0, 1, 0, 0, 0, 0, 0], [1, 0, 0, 1, 0, 1, 0, 0, 0, 0, 0], [0, 0, 0, 1, 0, 0, 0, 0, 0, 0, 1], [0, 0, 1, 0, 0, 0, 0, 0, 0, 1, 0]], "edge_indices": [[5, 1], [1, 5], [8, 5], [5, 8], [6, 5], [5, 6], [2, 5], [5, 2], [7, 5], [5, 7], [4, 5], [5, 4], [0, 8], [8, 0], [10, 2], [2, 10], [9, 10], [10, 9], [3, 9], [9, 3], [8, 3], [3, 8]], "edge_attributes": [[1.0], [1.0], [1.0], [1.0], [1.0], [1.0], [1.0], [1.0], [1.0], [1.0], [1.0], [1.0], [1.0], [1.0], [1.0], [1.0], [1.0], [1.0], [1.0], [1.0], [1.0], [1.0]], "seed_graph_indices": [-1, -1, -1, -1, -1, -1, -1, -1, -1, -1, -1], "graph_labels": [1, 0], "node_importances_2": [[0, 0], [0, 0], [0, 0], [0, 0], [0, 0], [0, 0], [0, 0], [0, 0], [0, 0], [0, 0], [0, 0]], "edge_importances_2": [[0, 0], [0, 0], [0, 0], [0, 0], [0, 0], [0, 0], [0, 0], [0, 0], [0, 0], [0, 0], [0, 0], [0, 0], [0, 0], [0, 0], [0, 0], [0, 0], [0, 0], [0, 0], [0, 0], [0, 0], [0, 0], [0, 0]], "image_node_positions": [[160, 283], [723, 744], [740, 482], [527, 198], [560, 845], [503, 641], [252, 678], [358, 816], [382, 383], [757, 145], [864, 299]]}}