{"split": "train", "train_split": [1], "test_split": [], "index": 21, "target": [0, 1], "graph": {"node_indices": [0, 1, 2, 3, 4, 5, 6, 7, 8, 9, 10, 11, 12], "node_attributes": [[0.766850471496582], [1.0], [1.0], [0.8541119694709778], [0.5434485673904419], [0.125357985496521], [0.6658250689506531], [0.9763186573982239], [0.47927650809288025], [0.8568885922431946], [0.19696351885795593], [1.0], [0.42425405979156494]], "node_adjacency": [[0, 1, 0, 0, 0, 0, 0, 0, 0, 0, 0, 0, 0], [1, 0, 1, 0, 0, 0, 0, 0, 0, 0, 0, 1, 0], [0, 1, 0, 0, 0, 0, 1, 0, 0, 0, 0, 1, 1], [0, 0, 0, 0, 0, 0, 0, 0, 0, 1, 0, 0, 0], [0, 0, 0, 0, 0, 0, 0, 0, 0, 1, 0, 0, 0], [0, 0, 0, 0, 0, 0, 0, 0, 0, 0, 1, 0, 0], [0, 0, 1, 0, 0, 0, 0, 0, 0, 0, 0, 0, 0], [0, 0, 0, 0, 0, 0, 0, 0, 1, 0, 1, 0, 0], [0, 0, 0, 0, 0, 0, 0, 1, 0, 1, 1, 0, 0], [0, 0, 0, 1, 1, 0, 0, 0, 1, 0, 0, 1, 0], [0, 0, 0, 0, 0, 1, 0, 1, 1, 0, 0, 1, 0], [0, 1, 1, 0, 0, 0, 0, 0, 0, 1, 1, 0, 0], [0, 0, 1, 0, 0, 0, 0, 0, 0, 0, 0, 0, 0]], "edge_indices": [[1, 2], [1, 11], [2, 1], [2, 11], [11, 2], [11, 1], [6, 2], [2, 6], [10, 11], [11, 10], [0, 1], [1, 0], [5, 10], [10, 5], [8, 10], [10, 8], [9, 11], [11, 9], [12, 2], [2, 12], [7, 10], [10, 7], [4, 9], [9, 4], [3, 9], [9, 3], [8, 7], [7, 8], [8, 9], [9, 8]], "edge_attributes": [[1.0], [1.0], [1.0], [1.0], [1.0], [1.0], [1.0], [1.0], [1.0], [1.0], [1.0], [1.0], [1.0], [1.0], [1.0], [1.0], [1.0], [1.0], [1.0], [1.0], [1.0], [1.0], [1.0], [1.0], [1.0], [1.0], [1.0], [1.0], [1.0], [1.0]], "seed_graph_indices": [-1, 0, 0, -1, -1, -1, -1, -1, -1, -1, -1, 0, -1], "graph_labels": [0, 1], "node_importances_2": [[0, 0], [0, 1], [0, 1], [0, 0], [0, 0], [0, 0], [0, 0], [0, 0], [0, 0], [0, 0], [0, 0], [0, 1], [0, 0]], "edge_importances_2": [[0, 1], [0, 1], [0, 1], [0, 1], [0, 1], [0, 1], [0, 0], [0, 0], [0, 0], [0, 0], [0, 0], [0, 0], [0, 0], [0, 0], [0, 0], [0, 0], [0, 0], [0, 0], [0, 0], [0, 0], [0, 0], [0, 0], [0, 0], [0, 0], [0, 0], [0, 0], [0, 0], [0, 0], [0, 0], [0, 0]], "image_node_positions": [[162, 200], [326, 298], [302, 394], [864, 273], [766, 145], [631, 844], [269, 193], [763, 685], [738, 535], [707, 333], [631, 634], [497, 419], [160, 502]]}}