{"split": "train", "train_split": [1], "test_split": [], "index": 39, "target": [0, 1], "graph": {"node_indices": [0, 1, 2, 3, 4, 5, 6, 7, 8, 9, 10, 11, 12, 13, 14], "node_attributes": [[0.13468582928180695], [1.0], [0.06912664324045181], [0.5035773515701294], [0.26998716592788696], [0.9349905848503113], [0.17275561392307281], [0.6016166806221008], [0.37799423933029175], [0.6210945248603821], [1.0], [1.0], [0.12325088679790497], [0.6411545276641846], [0.055578429251909256]], "node_adjacency": [[0, 0, 0, 0, 1, 1, 0, 1, 0, 0, 0, 0, 1, 1, 0], [0, 0, 0, 0, 0, 0, 1, 0, 0, 0, 1, 1, 0, 0, 0], [0, 0, 0, 0, 1, 0, 0, 1, 0, 0, 0, 0, 0, 0, 0], [0, 0, 0, 0, 0, 0, 0, 0, 0, 0, 0, 0, 1, 0, 0], [1, 0, 1, 0, 0, 0, 0, 0, 1, 0, 0, 0, 0, 0, 0], [1, 0, 0, 0, 0, 0, 0, 0, 0, 0, 0, 0, 0, 0, 0], [0, 1, 0, 0, 0, 0, 0, 0, 0, 0, 0, 0, 0, 0, 0], [1, 0, 1, 0, 0, 0, 0, 0, 0, 0, 0, 1, 0, 0, 0], [0, 0, 0, 0, 1, 0, 0, 0, 0, 0, 0, 0, 0, 0, 0], [0, 0, 0, 0, 0, 0, 0, 0, 0, 0, 0, 0, 0, 0, 1], [0, 1, 0, 0, 0, 0, 0, 0, 0, 0, 0, 1, 0, 0, 0], [0, 1, 0, 0, 0, 0, 0, 1, 0, 0, 1, 0, 1, 0, 1], [1, 0, 0, 1, 0, 0, 0, 0, 0, 0, 0, 1, 0, 0, 0], [1, 0, 0, 0, 0, 0, 0, 0, 0, 0, 0, 0, 0, 0, 0], [0, 0, 0, 0, 0, 0, 0, 0, 0, 1, 0, 1, 0, 0, 0]], "edge_indices": [[10, 11], [10, 1], [11, 10], [11, 1], [1, 11], [1, 10], [7, 11], [11, 7], [12, 11], [11, 12], [0, 12], [12, 0], [4, 0], [0, 4], [6, 1], [1, 6], [2, 4], [4, 2], [13, 0], [0, 13], [3, 12], [12, 3], [5, 0], [0, 5], [14, 11], [11, 14], [8, 4], [4, 8], [9, 14], [14, 9], [0, 7], [7, 0], [7, 2], [2, 7]], "edge_attributes": [[1.0], [1.0], [1.0], [1.0], [1.0], [1.0], [1.0], [1.0], [1.0], [1.0], [1.0], [1.0], [1.0], [1.0], [1.0], [1.0], [1.0], [1.0], [1.0], [1.0], [1.0], [1.0], [1.0], [1.0], [1.0], [1.0], [1.0], [1.0], [1.0], [1.0], [1.0], [1.0], [1.0], [1.0]], "seed_graph_indices": [-1, 0, -1, -1, -1, -1, -1, -1, -1, -1, 0, 0, -1, -1, -1], "graph_labels": [0, 1], "node_importances_2": [[0, 0], [0, 1], [0, 0], [0, 0], [0, 0], [0, 0], [0, 0], [0, 0], [0, 0], [0, 0], [0, 1], [0, 1], [0, 0], [0, 0], [0, 0]], "edge_importances_2": [[0, 1], [0, 1], [0, 1], [0, 1], [0, 1], [0, 1], [0, 0], [0, 0], [0, 0], [0, 0], [0, 0], [0, 0], [0, 0], [0, 0], [0, 0], [0, 0], [0, 0], [0, 0], [0, 0], [0, 0], [0, 0], [0, 0], [0, 0], [0, 0], [0, 0], [0, 0], [0, 0], [0, 0], [0, 0], [0, 0], [0, 0], [0, 0], [0, 0], [0, 0]], "image_node_positions": [[661, 323], [272, 435], [674, 530], [478, 145], [760, 466], [766, 242], [160, 404], [568, 461], [864, 538], [308, 845], [323, 488], [414, 479], [514, 310], [698, 152], [357, 690]]}}