{"split": "train", "train_split": [1], "test_split": [], "index": 54, "target": [0, 1], "graph": {"node_indices": [0, 1, 2, 3, 4, 5, 6, 7, 8, 9, 10, 11, 12], "node_attributes": [[0.5571815967559814], [0.6228457689285278], [0.49699822068214417], [0.39843666553497314], [0.9717772006988525], [1.0], [0.15196974575519562], [0.34469056129455566], [0.44286587834358215], [0.7226405143737793], [0.6406463384628296], [1.0], [1.0]], "node_adjacency": [[0, 0, 0, 0, 1, 0, 0, 0, 0, 0, 0, 0, 0], [0, 0, 0, 0, 0, 1, 0, 0, 0, 0, 0, 0, 0], [0, 0, 0, 1, 0, 0, 0, 1, 0, 0, 0, 0, 1], [0, 0, 1, 0, 0, 1, 0, 0, 0, 0, 0, 0, 0], [1, 0, 0, 0, 0, 0, 0, 0, 1, 0, 0, 0, 0], [0, 1, 0, 1, 0, 0, 0, 0, 0, 1, 1, 1, 1], [0, 0, 0, 0, 0, 0, 0, 0, 0, 1, 0, 0, 0], [0, 0, 1, 0, 0, 0, 0, 0, 0, 0, 1, 0, 0], [0, 0, 0, 0, 1, 0, 0, 0, 0, 0, 0, 0, 1], [0, 0, 0, 0, 0, 1, 1, 0, 0, 0, 0, 1, 0], [0, 0, 0, 0, 0, 1, 0, 1, 0, 0, 0, 0, 0], [0, 0, 0, 0, 0, 1, 0, 0, 0, 1, 0, 0, 1], [0, 0, 1, 0, 0, 1, 0, 0, 1, 0, 0, 1, 0]], "edge_indices": [[12, 11], [12, 5], [11, 12], [11, 5], [5, 11], [5, 12], [8, 12], [12, 8], [3, 5], [5, 3], [9, 11], [11, 9], [4, 8], [8, 4], [10, 5], [5, 10], [6, 9], [9, 6], [0, 4], [4, 0], [2, 12], [12, 2], [1, 5], [5, 1], [7, 2], [2, 7], [7, 10], [10, 7], [9, 5], [5, 9], [3, 2], [2, 3]], "edge_attributes": [[1.0], [1.0], [1.0], [1.0], [1.0], [1.0], [1.0], [1.0], [1.0], [1.0], [1.0], [1.0], [1.0], [1.0], [1.0], [1.0], [1.0], [1.0], [1.0], [1.0], [1.0], [1.0], [1.0], [1.0], [1.0], [1.0], [1.0], [1.0], [1.0], [1.0], [1.0], [1.0]], "seed_graph_indices": [-1, -1, -1, -1, -1, 0, -1, -1, -1, -1, -1, 0, 0], "graph_labels": [0, 1], "node_importances_2": [[0, 0], [0, 0], [0, 0], [0, 0], [0, 0], [0, 1], [0, 0], [0, 0], [0, 0], [0, 0], [0, 0], [0, 1], [0, 1]], "edge_importances_2": [[0, 1], [0, 1], [0, 1], [0, 1], [0, 1], [0, 1], [0, 0], [0, 0], [0, 0], [0, 0], [0, 0], [0, 0], [0, 0], [0, 0], [0, 0], [0, 0], [0, 0], [0, 0], [0, 0], [0, 0], [0, 0], [0, 0], [0, 0], [0, 0], [0, 0], [0, 0], [0, 0], [0, 0], [0, 0], [0, 0], [0, 0], [0, 0]], "image_node_positions": [[864, 145], [333, 402], [329, 577], [400, 646], [794, 250], [379, 545], [285, 845], [160, 577], [673, 369], [368, 715], [207, 502], [485, 616], [508, 497]]}}