{"split": "train", "train_split": [1], "test_split": [], "index": 93, "target": [1, 0], "graph": {"node_indices": [0, 1, 2, 3, 4, 5, 6, 7, 8, 9], "node_attributes": [[0.48838064074516296], [0.6038190722465515], [0.9141340851783752], [0.057976871728897095], [0.4297153353691101], [0.30668407678604126], [0.15424825251102448], [0.886842668056488], [0.91536945104599], [0.6169708967208862]], "node_adjacency": [[0, 1, 1, 0, 0, 0, 0, 0, 0, 0], [1, 0, 0, 1, 0, 1, 0, 0, 0, 0], [1, 0, 0, 1, 1, 1, 0, 0, 0, 1], [0, 1, 1, 0, 0, 0, 1, 0, 0, 0], [0, 0, 1, 0, 0, 0, 0, 1, 1, 0], [0, 1, 1, 0, 0, 0, 1, 0, 0, 0], [0, 0, 0, 1, 0, 1, 0, 0, 0, 0], [0, 0, 0, 0, 1, 0, 0, 0, 0, 0], [0, 0, 0, 0, 1, 0, 0, 0, 0, 0], [0, 0, 1, 0, 0, 0, 0, 0, 0, 0]], "edge_indices": [[3, 1], [1, 3], [2, 3], [3, 2], [4, 2], [2, 4], [0, 2], [2, 0], [5, 1], [1, 5], [9, 2], [2, 9], [6, 5], [5, 6], [8, 4], [4, 8], [7, 4], [4, 7], [5, 2], [2, 5], [1, 0], [0, 1], [3, 6], [6, 3]], "edge_attributes": [[1.0], [1.0], [1.0], [1.0], [1.0], [1.0], [1.0], [1.0], [1.0], [1.0], [1.0], [1.0], [1.0], [1.0], [1.0], [1.0], [1.0], [1.0], [1.0], [1.0], [1.0], [1.0], [1.0], [1.0]], "seed_graph_indices": [-1, -1, -1, -1, -1, -1, -1, -1, -1, -1], "graph_labels": [1, 0], "node_importances_2": [[0, 0], [0, 0], [0, 0], [0, 0], [0, 0], [0, 0], [0, 0], [0, 0], [0, 0], [0, 0]], "edge_importances_2": [[0, 0], [0, 0], [0, 0], [0, 0], [0, 0], [0, 0], [0, 0], [0, 0], [0, 0], [0, 0], [0, 0], [0, 0], [0, 0], [0, 0], [0, 0], [0, 0], [0, 0], [0, 0], [0, 0], [0, 0], [0, 0], [0, 0], [0, 0], [0, 0]], "image_node_positions": [[421, 805], [603, 845], [444, 605], [666, 659], [338, 334], [674, 742], [864, 705], [160, 203], [401, 145], [203, 637]]}}