{"split": "train", "train_split": [1], "test_split": [], "index": 33, "target": [0, 1], "graph": {"node_indices": [0, 1, 2, 3, 4, 5, 6, 7, 8, 9], "node_attributes": [[0.9516677260398865], [1.0], [0.45907291769981384], [0.38352036476135254], [0.040263738483190536], [0.10316910594701767], [0.5222529768943787], [0.9441853165626526], [1.0], [1.0]], "node_adjacency": [[0, 0, 1, 0, 0, 1, 0, 0, 0, 1], [0, 0, 0, 0, 1, 0, 1, 0, 1, 1], [1, 0, 0, 0, 1, 0, 0, 0, 0, 0], [0, 0, 0, 0, 0, 0, 0, 1, 1, 1], [0, 1, 1, 0, 0, 1, 0, 0, 0, 0], [1, 0, 0, 0, 1, 0, 0, 0, 0, 0], [0, 1, 0, 0, 0, 0, 0, 0, 0, 0], [0, 0, 0, 1, 0, 0, 0, 0, 0, 0], [0, 1, 0, 1, 0, 0, 0, 0, 0, 1], [1, 1, 0, 1, 0, 0, 0, 0, 1, 0]], "edge_indices": [[8, 1], [8, 9], [1, 8], [1, 9], [9, 1], [9, 8], [4, 1], [1, 4], [5, 4], [4, 5], [2, 4], [4, 2], [0, 2], [2, 0], [3, 8], [8, 3], [6, 1], [1, 6], [7, 3], [3, 7], [5, 0], [0, 5], [0, 9], [9, 0], [3, 9], [9, 3]], "edge_attributes": [[1.0], [1.0], [1.0], [1.0], [1.0], [1.0], [1.0], [1.0], [1.0], [1.0], [1.0], [1.0], [1.0], [1.0], [1.0], [1.0], [1.0], [1.0], [1.0], [1.0], [1.0], [1.0], [1.0], [1.0], [1.0], [1.0]], "seed_graph_indices": [-1, 0, -1, -1, -1, -1, -1, -1, 0, 0], "graph_labels": [0, 1], "node_importances_2": [[0, 0], [0, 1], [0, 0], [0, 0], [0, 0], [0, 0], [0, 0], [0, 0], [0, 1], [0, 1]], "edge_importances_2": [[0, 1], [0, 1], [0, 1], [0, 1], [0, 1], [0, 1], [0, 0], [0, 0], [0, 0], [0, 0], [0, 0], [0, 0], [0, 0], [0, 0], [0, 0], [0, 0], [0, 0], [0, 0], [0, 0], [0, 0], [0, 0], [0, 0], [0, 0], [0, 0], [0, 0], [0, 0]], "image_node_positions": [[282, 303], [620, 374], [425, 145], [493, 673], [412, 233], [160, 191], [864, 282], [491, 844], [601, 544], [438, 484]]}}