{"split": "test", "train_split": [], "test_split": [1], "index": 34, "target": [0, 1], "graph": {"node_indices": [0, 1, 2, 3, 4, 5, 6, 7, 8, 9, 10, 11, 12], "node_attributes": [[1.0], [0.9188072681427002], [0.9625024795532227], [0.3648516833782196], [0.6833566427230835], [0.10938774049282074], [0.5253611207008362], [0.678995668888092], [0.5195649266242981], [0.7569601535797119], [1.0], [0.1575145572423935], [1.0]], "node_adjacency": [[0, 0, 0, 0, 0, 1, 0, 0, 0, 0, 1, 0, 1], [0, 0, 0, 0, 1, 0, 0, 0, 0, 0, 1, 0, 0], [0, 0, 0, 0, 0, 1, 0, 0, 0, 0, 0, 0, 0], [0, 0, 0, 0, 0, 1, 0, 1, 0, 0, 0, 0, 0], [0, 1, 0, 0, 0, 0, 1, 0, 0, 0, 1, 0, 0], [1, 0, 1, 1, 0, 0, 0, 0, 1, 0, 0, 0, 1], [0, 0, 0, 0, 1, 0, 0, 0, 1, 0, 0, 0, 0], [0, 0, 0, 1, 0, 0, 0, 0, 0, 0, 0, 0, 0], [0, 0, 0, 0, 0, 1, 1, 0, 0, 0, 0, 0, 0], [0, 0, 0, 0, 0, 0, 0, 0, 0, 0, 1, 0, 0], [1, 1, 0, 0, 1, 0, 0, 0, 0, 1, 0, 0, 1], [0, 0, 0, 0, 0, 0, 0, 0, 0, 0, 0, 0, 1], [1, 0, 0, 0, 0, 1, 0, 0, 0, 0, 1, 1, 0]], "edge_indices": [[10, 12], [10, 0], [12, 10], [12, 0], [0, 12], [0, 10], [5, 12], [12, 5], [3, 5], [5, 3], [2, 5], [5, 2], [4, 10], [10, 4], [1, 4], [4, 1], [9, 10], [10, 9], [11, 12], [12, 11], [6, 4], [4, 6], [7, 3], [3, 7], [8, 5], [5, 8], [8, 6], [6, 8], [10, 1], [1, 10], [5, 0], [0, 5]], "edge_attributes": [[1.0], [1.0], [1.0], [1.0], [1.0], [1.0], [1.0], [1.0], [1.0], [1.0], [1.0], [1.0], [1.0], [1.0], [1.0], [1.0], [1.0], [1.0], [1.0], [1.0], [1.0], [1.0], [1.0], [1.0], [1.0], [1.0], [1.0], [1.0], [1.0], [1.0], [1.0], [1.0]], "seed_graph_indices": [0, -1, -1, -1, -1, -1, -1, -1, -1, -1, 0, -1, 0], "graph_labels": [0, 1], "node_importances_2": [[0, 1], [0, 0], [0, 0], [0, 0], [0, 0], [0, 0], [0, 0], [0, 0], [0, 0], [0, 0], [0, 1], [0, 0], [0, 1]], "edge_importances_2": [[0, 1], [0, 1], [0, 1], [0, 1], [0, 1], [0, 1], [0, 0], [0, 0], [0, 0], [0, 0], [0, 0], [0, 0], [0, 0], [0, 0], [0, 0], [0, 0], [0, 0], [0, 0], [0, 0], [0, 0], [0, 0], [0, 0], [0, 0], [0, 0], [0, 0], [0, 0], [0, 0], [0, 0], [0, 0], [0, 0], [0, 0], [0, 0]], "image_node_positions": [[425, 467], [255, 789], [611, 191], [734, 336], [353, 808], [559, 396], [487, 845], [864, 284], [569, 658], [160, 577], [305, 589], [321, 145], [390, 353]]}}