{"split": "test", "train_split": [], "test_split": [1], "index": 41, "target": [1, 0], "graph": {"node_indices": [0, 1, 2, 3, 4, 5, 6, 7, 8, 9], "node_attributes": [[0.6536091566085815], [0.9532827138900757], [0.6907950043678284], [0.6814994215965271], [0.15268196165561676], [0.6113079786300659], [0.9342824816703796], [0.21870356798171997], [0.4249838888645172], [0.3250971734523773]], "node_adjacency": [[0, 0, 0, 1, 0, 1, 0, 1, 0, 0], [0, 0, 0, 0, 0, 0, 1, 0, 0, 0], [0, 0, 0, 0, 0, 0, 1, 0, 0, 0], [1, 0, 0, 0, 1, 0, 0, 0, 0, 0], [0, 0, 0, 1, 0, 0, 1, 0, 0, 0], [1, 0, 0, 0, 0, 0, 0, 0, 0, 0], [0, 1, 1, 0, 1, 0, 0, 0, 1, 1], [1, 0, 0, 0, 0, 0, 0, 0, 0, 0], [0, 0, 0, 0, 0, 0, 1, 0, 0, 1], [0, 0, 0, 0, 0, 0, 1, 0, 1, 0]], "edge_indices": [[3, 0], [0, 3], [4, 3], [3, 4], [6, 4], [4, 6], [2, 6], [6, 2], [1, 6], [6, 1], [7, 0], [0, 7], [8, 6], [6, 8], [9, 8], [8, 9], [5, 0], [0, 5], [6, 9], [9, 6]], "edge_attributes": [[1.0], [1.0], [1.0], [1.0], [1.0], [1.0], [1.0], [1.0], [1.0], [1.0], [1.0], [1.0], [1.0], [1.0], [1.0], [1.0], [1.0], [1.0], [1.0], [1.0]], "seed_graph_indices": [-1, -1, -1, -1, -1, -1, -1, -1, -1, -1], "graph_labels": [1, 0], "node_importances_2": [[0, 0], [0, 0], [0, 0], [0, 0], [0, 0], [0, 0], [0, 0], [0, 0], [0, 0], [0, 0]], "edge_importances_2": [[0, 0], [0, 0], [0, 0], [0, 0], [0, 0], [0, 0], [0, 0], [0, 0], [0, 0], [0, 0], [0, 0], [0, 0], [0, 0], [0, 0], [0, 0], [0, 0], [0, 0], [0, 0], [0, 0], [0, 0]], "image_node_positions": [[711, 271], [445, 798], [284, 845], [590, 411], [462, 556], [864, 226], [323, 709], [707, 145], [173, 664], [160, 741]]}}