{"split": "train", "train_split": [1], "test_split": [], "index": 24, "target": [0, 1], "graph": {"node_indices": [0, 1, 2, 3, 4, 5, 6, 7, 8, 9, 10], "node_attributes": [[0.9201629757881165], [0.5402349233627319], [1.0], [0.2124256193637848], [0.47894781827926636], [1.0], [1.0], [0.027451373636722565], [0.7165618538856506], [0.2515905797481537], [0.06238172948360443]], "node_adjacency": [[0, 1, 0, 0, 0, 1, 0, 0, 0, 0, 0], [1, 0, 0, 0, 1, 0, 0, 0, 0, 0, 0], [0, 0, 0, 1, 0, 1, 1, 0, 0, 0, 0], [0, 0, 1, 0, 0, 0, 0, 0, 1, 0, 0], [0, 1, 0, 0, 0, 0, 0, 0, 0, 0, 0], [1, 0, 1, 0, 0, 0, 1, 0, 0, 1, 0], [0, 0, 1, 0, 0, 1, 0, 1, 0, 0, 0], [0, 0, 0, 0, 0, 0, 1, 0, 0, 1, 1], [0, 0, 0, 1, 0, 0, 0, 0, 0, 0, 0], [0, 0, 0, 0, 0, 1, 0, 1, 0, 0, 0], [0, 0, 0, 0, 0, 0, 0, 1, 0, 0, 0]], "edge_indices": [[6, 5], [6, 2], [5, 6], [5, 2], [2, 5], [2, 6], [0, 5], [5, 0], [3, 2], [2, 3], [9, 5], [5, 9], [7, 6], [6, 7], [1, 0], [0, 1], [8, 3], [3, 8], [10, 7], [7, 10], [4, 1], [1, 4], [7, 9], [9, 7]], "edge_attributes": [[1.0], [1.0], [1.0], [1.0], [1.0], [1.0], [1.0], [1.0], [1.0], [1.0], [1.0], [1.0], [1.0], [1.0], [1.0], [1.0], [1.0], [1.0], [1.0], [1.0], [1.0], [1.0], [1.0], [1.0]], "seed_graph_indices": [-1, -1, 0, -1, -1, 0, 0, -1, -1, -1, -1], "graph_labels": [0, 1], "node_importances_2": [[0, 0], [0, 0], [0, 1], [0, 0], [0, 0], [0, 1], [0, 1], [0, 0], [0, 0], [0, 0], [0, 0]], "edge_importances_2": [[0, 1], [0, 1], [0, 1], [0, 1], [0, 1], [0, 1], [0, 0], [0, 0], [0, 0], [0, 0], [0, 0], [0, 0], [0, 0], [0, 0], [0, 0], [0, 0], [0, 0], [0, 0], [0, 0], [0, 0], [0, 0], [0, 0], [0, 0], [0, 0]], "image_node_positions": [[634, 639], [750, 764], [396, 358], [251, 248], [864, 845], [536, 476], [532, 356], [682, 303], [160, 145], [657, 414], [797, 221]]}}