{"split": "train", "train_split": [1], "test_split": [], "index": 7, "target": [0, 1], "graph": {"node_indices": [0, 1, 2, 3, 4, 5, 6, 7, 8, 9, 10, 11, 12, 13, 14, 15], "node_attributes": [[0.47365766763687134], [0.3379875123500824], [1.0], [0.2749294340610504], [0.2648202180862427], [1.0], [0.8164668679237366], [0.5514681935310364], [0.030012380331754684], [0.6974219083786011], [0.7668442726135254], [0.09334023296833038], [0.7922025918960571], [0.6005673408508301], [0.7648137807846069], [1.0]], "node_adjacency": [[0, 1, 0, 0, 0, 0, 1, 0, 0, 0, 0, 0, 0, 0, 0, 0], [1, 0, 0, 0, 0, 1, 0, 0, 0, 0, 0, 0, 0, 0, 0, 0], [0, 0, 0, 0, 1, 1, 0, 0, 0, 0, 1, 0, 0, 0, 0, 1], [0, 0, 0, 0, 0, 0, 0, 0, 0, 0, 0, 0, 0, 0, 1, 0], [0, 0, 1, 0, 0, 0, 0, 0, 1, 0, 0, 0, 1, 0, 0, 0], [0, 1, 1, 0, 0, 0, 0, 0, 0, 0, 0, 1, 0, 0, 0, 1], [1, 0, 0, 0, 0, 0, 0, 0, 0, 1, 0, 1, 0, 0, 0, 0], [0, 0, 0, 0, 0, 0, 0, 0, 0, 0, 0, 0, 0, 0, 0, 1], [0, 0, 0, 0, 1, 0, 0, 0, 0, 0, 1, 0, 0, 1, 0, 0], [0, 0, 0, 0, 0, 0, 1, 0, 0, 0, 0, 0, 0, 0, 0, 0], [0, 0, 1, 0, 0, 0, 0, 0, 1, 0, 0, 0, 0, 0, 0, 0], [0, 0, 0, 0, 0, 1, 1, 0, 0, 0, 0, 0, 1, 0, 0, 0], [0, 0, 0, 0, 1, 0, 0, 0, 0, 0, 0, 1, 0, 0, 1, 0], [0, 0, 0, 0, 0, 0, 0, 0, 1, 0, 0, 0, 0, 0, 0, 0], [0, 0, 0, 1, 0, 0, 0, 0, 0, 0, 0, 0, 1, 0, 0, 0], [0, 0, 1, 0, 0, 1, 0, 1, 0, 0, 0, 0, 0, 0, 0, 0]], "edge_indices": [[15, 2], [15, 5], [2, 15], [2, 5], [5, 2], [5, 15], [10, 2], [2, 10], [11, 5], [5, 11], [6, 11], [11, 6], [12, 11], [11, 12], [4, 2], [2, 4], [7, 15], [15, 7], [9, 6], [6, 9], [1, 5], [5, 1], [8, 10], [10, 8], [13, 8], [8, 13], [14, 12], [12, 14], [0, 6], [6, 0], [3, 14], [14, 3], [12, 4], [4, 12], [0, 1], [1, 0], [8, 4], [4, 8]], "edge_attributes": [[1.0], [1.0], [1.0], [1.0], [1.0], [1.0], [1.0], [1.0], [1.0], [1.0], [1.0], [1.0], [1.0], [1.0], [1.0], [1.0], [1.0], [1.0], [1.0], [1.0], [1.0], [1.0], [1.0], [1.0], [1.0], [1.0], [1.0], [1.0], [1.0], [1.0], [1.0], [1.0], [1.0], [1.0], [1.0], [1.0], [1.0], [1.0]], "seed_graph_indices": [-1, -1, 0, -1, -1, 0, -1, -1, -1, -1, -1, -1, -1, -1, -1, 0], "graph_labels": [0, 1], "node_importances_2": [[0, 0], [0, 0], [0, 1], [0, 0], [0, 0], [0, 1], [0, 0], [0, 0], [0, 0], [0, 0], [0, 0], [0, 0], [0, 0], [0, 0], [0, 0], [0, 1]], "edge_importances_2": [[0, 1], [0, 1], [0, 1], [0, 1], [0, 1], [0, 1], [0, 0], [0, 0], [0, 0], [0, 0], [0, 0], [0, 0], [0, 0], [0, 0], [0, 0], [0, 0], [0, 0], [0, 0], [0, 0], [0, 0], [0, 0], [0, 0], [0, 0], [0, 0], [0, 0], [0, 0], [0, 0], [0, 0], [0, 0], [0, 0], [0, 0], [0, 0], [0, 0], [0, 0], [0, 0], [0, 0], [0, 0], [0, 0]], "image_node_positions": [[284, 180], [382, 192], [487, 451], [864, 597], [521, 589], [450, 311], [285, 300], [546, 145], [458, 716], [160, 278], [435, 599], [435, 393], [594, 502], [431, 845], [749, 557], [530, 287]]}}