{"split": "train", "train_split": [1], "test_split": [], "index": 70, "target": [0, 1], "graph": {"node_indices": [0, 1, 2, 3, 4, 5, 6, 7, 8, 9, 10, 11, 12, 13, 14], "node_attributes": [[0.45655471086502075], [0.6632009148597717], [0.3032292127609253], [1.0], [0.9458922743797302], [1.0], [0.5707097053527832], [0.3776549696922302], [0.7173041105270386], [0.8687888383865356], [0.9349558353424072], [0.7898016571998596], [0.3948173224925995], [0.32140880823135376], [1.0]], "node_adjacency": [[0, 0, 0, 0, 1, 0, 1, 0, 0, 0, 0, 0, 0, 0, 0], [0, 0, 0, 0, 0, 0, 0, 0, 0, 0, 0, 0, 0, 0, 1], [0, 0, 0, 0, 0, 0, 0, 0, 0, 0, 0, 0, 0, 0, 1], [0, 0, 0, 0, 1, 1, 0, 0, 0, 1, 0, 0, 0, 0, 1], [1, 0, 0, 1, 0, 0, 0, 0, 0, 0, 0, 0, 0, 0, 0], [0, 0, 0, 1, 0, 0, 0, 0, 0, 0, 1, 0, 0, 1, 1], [1, 0, 0, 0, 0, 0, 0, 0, 1, 0, 0, 0, 0, 0, 0], [0, 0, 0, 0, 0, 0, 0, 0, 1, 0, 1, 0, 0, 0, 0], [0, 0, 0, 0, 0, 0, 1, 1, 0, 0, 0, 0, 0, 0, 0], [0, 0, 0, 1, 0, 0, 0, 0, 0, 0, 0, 0, 1, 0, 0], [0, 0, 0, 0, 0, 1, 0, 1, 0, 0, 0, 1, 0, 0, 0], [0, 0, 0, 0, 0, 0, 0, 0, 0, 0, 1, 0, 0, 0, 0], [0, 0, 0, 0, 0, 0, 0, 0, 0, 1, 0, 0, 0, 0, 0], [0, 0, 0, 0, 0, 1, 0, 0, 0, 0, 0, 0, 0, 0, 0], [0, 1, 1, 1, 0, 1, 0, 0, 0, 0, 0, 0, 0, 0, 0]], "edge_indices": [[3, 5], [3, 14], [5, 3], [5, 14], [14, 5], [14, 3], [2, 14], [14, 2], [10, 5], [5, 10], [4, 3], [3, 4], [13, 5], [5, 13], [7, 10], [10, 7], [0, 4], [4, 0], [1, 14], [14, 1], [6, 0], [0, 6], [8, 6], [6, 8], [11, 10], [10, 11], [9, 3], [3, 9], [12, 9], [9, 12], [7, 8], [8, 7]], "edge_attributes": [[1.0], [1.0], [1.0], [1.0], [1.0], [1.0], [1.0], [1.0], [1.0], [1.0], [1.0], [1.0], [1.0], [1.0], [1.0], [1.0], [1.0], [1.0], [1.0], [1.0], [1.0], [1.0], [1.0], [1.0], [1.0], [1.0], [1.0], [1.0], [1.0], [1.0], [1.0], [1.0]], "seed_graph_indices": [-1, -1, -1, 0, -1, 0, -1, -1, -1, -1, -1, -1, -1, -1, 0], "graph_labels": [0, 1], "node_importances_2": [[0, 0], [0, 0], [0, 0], [0, 1], [0, 0], [0, 1], [0, 0], [0, 0], [0, 0], [0, 0], [0, 0], [0, 0], [0, 0], [0, 0], [0, 1]], "edge_importances_2": [[0, 1], [0, 1], [0, 1], [0, 1], [0, 1], [0, 1], [0, 0], [0, 0], [0, 0], [0, 0], [0, 0], [0, 0], [0, 0], [0, 0], [0, 0], [0, 0], [0, 0], [0, 0], [0, 0], [0, 0], [0, 0], [0, 0], [0, 0], [0, 0], [0, 0], [0, 0], [0, 0], [0, 0], [0, 0], [0, 0], [0, 0], [0, 0]], "image_node_positions": [[277, 830], [731, 479], [707, 845], [582, 735], [421, 835], [519, 556], [171, 714], [254, 376], [160, 510], [744, 727], [390, 356], [375, 145], [864, 701], [492, 724], [648, 636]]}}