{"split": "train", "train_split": [1], "test_split": [], "index": 23, "target": [0, 1], "graph": {"node_indices": [0, 1, 2, 3, 4, 5, 6, 7, 8, 9, 10, 11], "node_attributes": [[0.5996741056442261], [0.1027943566441536], [0.46888822317123413], [0.901587724685669], [0.4441013038158417], [0.8654175996780396], [0.7116928100585938], [0.9472625851631165], [1.0], [1.0], [0.5505980253219604], [1.0]], "node_adjacency": [[0, 1, 0, 0, 1, 0, 0, 1, 1, 0, 0, 0], [1, 0, 1, 0, 0, 1, 0, 0, 0, 0, 0, 0], [0, 1, 0, 1, 0, 0, 1, 0, 0, 0, 1, 0], [0, 0, 1, 0, 0, 0, 0, 0, 0, 0, 0, 0], [1, 0, 0, 0, 0, 0, 0, 0, 0, 0, 0, 0], [0, 1, 0, 0, 0, 0, 0, 0, 0, 0, 0, 0], [0, 0, 1, 0, 0, 0, 0, 0, 0, 0, 0, 0], [1, 0, 0, 0, 0, 0, 0, 0, 0, 0, 0, 0], [1, 0, 0, 0, 0, 0, 0, 0, 0, 1, 0, 1], [0, 0, 0, 0, 0, 0, 0, 0, 1, 0, 1, 1], [0, 0, 1, 0, 0, 0, 0, 0, 0, 1, 0, 0], [0, 0, 0, 0, 0, 0, 0, 0, 1, 1, 0, 0]], "edge_indices": [[9, 8], [9, 11], [8, 9], [8, 11], [11, 8], [11, 9], [0, 8], [8, 0], [1, 0], [0, 1], [10, 9], [9, 10], [7, 0], [0, 7], [2, 1], [1, 2], [6, 2], [2, 6], [3, 2], [2, 3], [4, 0], [0, 4], [5, 1], [1, 5], [2, 10], [10, 2]], "edge_attributes": [[1.0], [1.0], [1.0], [1.0], [1.0], [1.0], [1.0], [1.0], [1.0], [1.0], [1.0], [1.0], [1.0], [1.0], [1.0], [1.0], [1.0], [1.0], [1.0], [1.0], [1.0], [1.0], [1.0], [1.0], [1.0], [1.0]], "seed_graph_indices": [-1, -1, -1, -1, -1, -1, -1, -1, 0, 0, -1, 0], "graph_labels": [0, 1], "node_importances_2": [[0, 0], [0, 0], [0, 0], [0, 0], [0, 0], [0, 0], [0, 0], [0, 0], [0, 1], [0, 1], [0, 0], [0, 1]], "edge_importances_2": [[0, 1], [0, 1], [0, 1], [0, 1], [0, 1], [0, 1], [0, 0], [0, 0], [0, 0], [0, 0], [0, 0], [0, 0], [0, 0], [0, 0], [0, 0], [0, 0], [0, 0], [0, 0], [0, 0], [0, 0], [0, 0], [0, 0], [0, 0], [0, 0], [0, 0], [0, 0]], "image_node_positions": [[380, 636], [436, 416], [688, 320], [864, 215], [160, 695], [263, 309], [684, 144], [378, 754], [599, 759], [778, 701], [793, 505], [756, 845]]}}