{"split": "test", "train_split": [], "test_split": [1], "index": 65, "target": [0, 1], "graph": {"node_indices": [0, 1, 2, 3, 4, 5, 6, 7, 8, 9, 10], "node_attributes": [[1.0], [1.0], [0.6679026484489441], [0.8960300087928772], [0.14342619478702545], [0.9675439596176147], [0.1178891584277153], [1.0], [0.33809417486190796], [0.9473581910133362], [0.3275046646595001]], "node_adjacency": [[0, 1, 0, 0, 0, 0, 0, 1, 0, 1, 0], [1, 0, 0, 0, 0, 0, 0, 1, 0, 0, 0], [0, 0, 0, 0, 0, 0, 0, 1, 0, 0, 1], [0, 0, 0, 0, 0, 1, 0, 0, 0, 0, 0], [0, 0, 0, 0, 0, 0, 0, 1, 0, 0, 0], [0, 0, 0, 1, 0, 0, 0, 1, 0, 0, 0], [0, 0, 0, 0, 0, 0, 0, 0, 0, 1, 0], [1, 1, 1, 0, 1, 1, 0, 0, 0, 0, 0], [0, 0, 0, 0, 0, 0, 0, 0, 0, 1, 1], [1, 0, 0, 0, 0, 0, 1, 0, 1, 0, 1], [0, 0, 1, 0, 0, 0, 0, 0, 1, 1, 0]], "edge_indices": [[1, 7], [1, 0], [7, 1], [7, 0], [0, 7], [0, 1], [5, 7], [7, 5], [9, 0], [0, 9], [8, 9], [9, 8], [6, 9], [9, 6], [10, 9], [9, 10], [2, 7], [7, 2], [4, 7], [7, 4], [3, 5], [5, 3], [2, 10], [10, 2], [8, 10], [10, 8]], "edge_attributes": [[1.0], [1.0], [1.0], [1.0], [1.0], [1.0], [1.0], [1.0], [1.0], [1.0], [1.0], [1.0], [1.0], [1.0], [1.0], [1.0], [1.0], [1.0], [1.0], [1.0], [1.0], [1.0], [1.0], [1.0], [1.0], [1.0]], "seed_graph_indices": [0, 0, -1, -1, -1, -1, -1, 0, -1, -1, -1], "graph_labels": [0, 1], "node_importances_2": [[0, 1], [0, 1], [0, 0], [0, 0], [0, 0], [0, 0], [0, 0], [0, 1], [0, 0], [0, 0], [0, 0]], "edge_importances_2": [[0, 1], [0, 1], [0, 1], [0, 1], [0, 1], [0, 1], [0, 0], [0, 0], [0, 0], [0, 0], [0, 0], [0, 0], [0, 0], [0, 0], [0, 0], [0, 0], [0, 0], [0, 0], [0, 0], [0, 0], [0, 0], [0, 0], [0, 0], [0, 0], [0, 0], [0, 0]], "image_node_positions": [[608, 431], [556, 267], [514, 613], [160, 312], [409, 145], [288, 340], [864, 660], [458, 365], [726, 845], [727, 642], [633, 753]]}}