{"split": "train", "train_split": [1], "test_split": [], "index": 66, "target": [1, 0], "graph": {"node_indices": [0, 1, 2, 3, 4, 5, 6, 7, 8, 9, 10, 11], "node_attributes": [[0.4064694046974182], [0.427558571100235], [0.9601476192474365], [0.9109699726104736], [0.6172526478767395], [0.6862433552742004], [0.6057357788085938], [0.918653130531311], [0.7053236961364746], [0.46077802777290344], [0.31170815229415894], [0.9770678281784058]], "node_adjacency": [[0, 1, 0, 0, 0, 0, 0, 0, 1, 1, 1, 0], [1, 0, 0, 0, 0, 0, 0, 0, 0, 0, 0, 0], [0, 0, 0, 0, 0, 0, 1, 0, 0, 0, 0, 0], [0, 0, 0, 0, 0, 1, 0, 0, 1, 0, 0, 0], [0, 0, 0, 0, 0, 0, 0, 0, 0, 0, 1, 0], [0, 0, 0, 1, 0, 0, 0, 0, 0, 0, 1, 0], [0, 0, 1, 0, 0, 0, 0, 1, 0, 0, 1, 0], [0, 0, 0, 0, 0, 0, 1, 0, 1, 0, 1, 0], [1, 0, 0, 1, 0, 0, 0, 1, 0, 0, 0, 1], [1, 0, 0, 0, 0, 0, 0, 0, 0, 0, 0, 0], [1, 0, 0, 0, 1, 1, 1, 1, 0, 0, 0, 0], [0, 0, 0, 0, 0, 0, 0, 0, 1, 0, 0, 0]], "edge_indices": [[10, 0], [0, 10], [7, 10], [10, 7], [9, 0], [0, 9], [6, 10], [10, 6], [5, 10], [10, 5], [8, 7], [7, 8], [4, 10], [10, 4], [1, 0], [0, 1], [3, 8], [8, 3], [2, 6], [6, 2], [11, 8], [8, 11], [0, 8], [8, 0], [6, 7], [7, 6], [5, 3], [3, 5]], "edge_attributes": [[1.0], [1.0], [1.0], [1.0], [1.0], [1.0], [1.0], [1.0], [1.0], [1.0], [1.0], [1.0], [1.0], [1.0], [1.0], [1.0], [1.0], [1.0], [1.0], [1.0], [1.0], [1.0], [1.0], [1.0], [1.0], [1.0], [1.0], [1.0]], "seed_graph_indices": [-1, -1, -1, -1, -1, -1, -1, -1, -1, -1, -1, -1], "graph_labels": [1, 0], "node_importances_2": [[0, 0], [0, 0], [0, 0], [0, 0], [0, 0], [0, 0], [0, 0], [0, 0], [0, 0], [0, 0], [0, 0], [0, 0]], "edge_importances_2": [[0, 0], [0, 0], [0, 0], [0, 0], [0, 0], [0, 0], [0, 0], [0, 0], [0, 0], [0, 0], [0, 0], [0, 0], [0, 0], [0, 0], [0, 0], [0, 0], [0, 0], [0, 0], [0, 0], [0, 0], [0, 0], [0, 0], [0, 0], [0, 0], [0, 0], [0, 0], [0, 0], [0, 0]], "image_node_positions": [[664, 640], [864, 732], [160, 145], [654, 499], [601, 168], [728, 357], [326, 273], [387, 431], [477, 610], [713, 845], [548, 371], [327, 760]]}}