{"running": false, "start_time": 1670140656.5290833, "elapsed_time": 0.10160517692565918, "monitoring": {"ts": 1670140656.530268, "cpu": 39.8, "memory": {"total": 78.47254180908203, "free": 58.76183319091797}, "storage": {"total": 456.8854446411133, "free": 15.396617889404297}}, "end_time": 1670140666.0141323, "duration": 9.48504900932312}